apk,batch,instrumented,methods_count,methods_empty,manifest_package,detected_package
androdns.android.leetdreams.ch.androdns_27.apk,01,False,119,False,androdns.android.leetdreams.ch.androdns,androdns.android.leetdreams.ch.androdns
app.crescentcash.src_120.apk,01,True,940,False,app.crescentcash.src,app.crescentcash.src
app.fedilab.fedilabtube_45.apk,01,False,3078,False,app.fedilab.fedilabtube,app.fedilab.fedilabtube
app.fedilab.tubelab_45.apk,01,False,3074,False,app.fedilab.tubelab,app.fedilab.fedilabtube
app.tice.TICE.production_38.apk,01,False,0,True,app.tice.TICE.production,app.tice.TICE.production
ar.rulosoft.mimanganu_75.apk,01,True,1539,False,ar.rulosoft.mimanganu,ar.rulosoft.mimanganu
asgardius.page.s3manager_85.apk,01,False,445,False,asgardius.page.s3manager,asgardius.page.s3manager
asgardius.page.s3music_11.apk,01,False,214,False,asgardius.page.s3music,asgardius.page.s3music
at.bitfire.icsdroid_72.apk,01,False,796,False,at.bitfire.icsdroid,at.bitfire.icsdroid
at.dasz.KolabDroid_94.apk,01,True,572,False,at.dasz.KolabDroid,at.dasz.KolabDroid
au.com.wallaceit.reddinator_68.apk,01,True,1181,False,au.com.wallaceit.reddinator,au.com.wallaceit.reddinator
audio.funkwhale.ffa_201000.apk,01,False,2496,False,audio.funkwhale.ffa,audio.funkwhale.ffa
be.mygod.vpnhotspot.foss_262.apk,01,False,2610,False,be.mygod.vpnhotspot.foss,be.mygod.vpnhotspot
be.ugent.zeus.hydra.open_36000.apk,01,False,3189,False,be.ugent.zeus.hydra.open,be.ugent.zeus
biz.gyrus.yaab_30.apk,01,True,316,False,biz.gyrus.yaab,biz.gyrus.yaab
bus.chio.wishmaster_1003.apk,02,True,4781,False,bus.chio.wishmaster,nya.miku.wishmaster
byrne.utilities.hashpass_2.apk,02,True,11,False,byrne.utilities.hashpass,byrne.utilities.hashpass
ca.farrelltonsolar.classic_314.apk,02,True,218,False,ca.farrelltonsolar.classic,ca.farrelltonsolar.classic
ca.rmen.android.networkmonitor_13200.apk,02,False,620,False,ca.rmen.android.networkmonitor,ca.rmen.android.networkmonitor
cf.playhi.freezeyou_151.apk,02,True,811,False,cf.playhi.freezeyou,cf.playhi.freezeyou
click.dummer.notify_to_jabber_85.apk,02,True,32,False,click.dummer.notify_to_jabber,click.dummer.notify_to_jabber
com.Bisha.TI89EmuDonation_1133.apk,02,True,239,False,com.Bisha.TI89EmuDonation,com.graph89.emulationcore
com.Sommerlichter.social_3300.apk,02,False,9926,False,com.Sommerlichter.social,com.keylesspalace.tusky
com.aidinhut.simpletextcrypt_14.apk,02,True,49,False,com.aidinhut.simpletextcrypt,com.aidinhut.simpletextcrypt
com.akop.bach_120.apk,02,True,2545,False,com.akop.bach,com.akop.bach
com.alienpants.leafpicrevived_24.apk,02,True,1360,False,com.alienpants.leafpicrevived,com.alienpants.leafpicrevived
com.allansimon.verbisteandroid_2.apk,02,True,29,False,com.allansimon.verbisteandroid,com.allansimon.verbisteandroid
com.amaze.filemanager_117.apk,02,False,4822,False,com.amaze.filemanager,com.amaze.filemanager
com.amnesica.kryptey_24.apk,02,False,1741,False,com.amnesica.kryptey,com.amnesica.kryptey
com.amphoras.tpthelper_25.apk,02,True,1230,False,com.amphoras.tpthelper,com.amphoras.tpthelper
com.andrew.apollo_2.apk,03,True,1659,False,com.andrew.apollo,com.andrew.apollo
com.android.keepass_215.apk,03,False,5,False,com.android.keepass,com.android.keepass
com.andybotting.tramhunter_1300.apk,03,True,569,False,com.andybotting.tramhunter,com.andybotting.tramhunter
com.antoniotari.reactiveampacheapp_58.apk,03,True,629,False,com.antoniotari.reactiveampacheapp,com.antoniotari.reactiveampacheapp
com.antony.muzei.pixiv_313.apk,03,False,887,False,com.antony.muzei.pixiv,com.antony.muzei.pixiv
com.aptasystems.dicewarepasswordgenerator_8.apk,03,True,81,False,com.aptasystems.dicewarepasswordgenerator,com.aptasystems.dicewarepasswordgenerator
com.aravi.dot_30105.apk,03,False,64,False,com.aravi.dot,com.aravi.dot
com.asksven.betterbatterystats_108.apk,03,False,480,False,com.asksven.betterbatterystats,com.asksven.betterbatterystats
com.averi.worldscribe_29.apk,03,True,981,False,com.averi.worldscribe,com.averi.worldscribe
com.biglybt.android.client_1030008.apk,03,False,2476,False,com.biglybt.android.client,com.biglybt.android
com.blippex.app_5.apk,03,True,83,False,com.blippex.app,com.blippex.app
com.blogspot.e_kanivets.moneytracker_38.apk,03,True,1205,False,com.blogspot.e_kanivets.moneytracker,com.blogspot.e_kanivets
com.bytesforge.linkasanote_30499.apk,03,False,115,False,com.bytesforge.linkasanote,com.bytesforge.linkasanote
com.celzero.bravedns_32.apk,03,False,9517,False,com.celzero.bravedns,com.celzero.bravedns
com.commit451.gitlab_2070400.apk,03,True,2539,False,com.commit451.gitlab,com.commit451.gitlab
com.commonslab.commonslab_3.apk,04,True,527,False,com.commonslab.commonslab,com.commonslab.commonslab
com.confinement.diconfinement_16.apk,04,False,147,False,com.confinement.diconfinement,com.confinement.diconfinement
com.crazyhitty.chdev.ks.munch_14.apk,04,True,609,False,com.crazyhitty.chdev.ks.munch,com.crazyhitty.chdev.ks.munch
com.cweb.messenger_42038.apk,04,False,7090,False,com.cweb.messenger,eu.siacs.conversations
com.cyanogenmod.filemanager.ics_1015.apk,04,True,2061,False,com.cyanogenmod.filemanager.ics,com.cyanogenmod.filemanager.ics
com.dalthed.tucan_38.apk,04,True,386,False,com.dalthed.tucan,com.dalthed.tucan
com.daniel.mobilepauker2_4.apk,04,True,731,False,com.daniel.mobilepauker2,com.daniel.mobilepauker2
com.danielme.muspyforandroid_3.apk,04,True,445,False,com.danielme.muspyforandroid,com.danielme.muspyforandroid
com.dar.nclientv2_302.apk,04,False,2473,False,com.dar.nclientv2,com.dar.nclientv2
com.developerfromjokela.motioneyeclient_10000008.apk,04,True,758,False,com.developerfromjokela.motioneyeclient,com.developerfromjokela.motioneyeclient
com.dimension.tessercube_200.apk,04,True,1462,False,com.dimension.tessercube,com.sujitech.tessercubecore
com.dimtion.shaarlier_33.apk,04,True,106,False,com.dimtion.shaarlier,com.dimtion.shaarlier
com.dkanada.gramophone_18.apk,04,False,2413,False,com.dkanada.gramophone,com.dkanada.gramophone
com.dougkeen.bart_50.apk,04,False,684,False,com.dougkeen.bart,com.dougkeen.bart
com.dozuki.ifixit_46.apk,04,False,1565,False,com.dozuki.ifixit,com.dozuki.ifixit
com.dx.anonymousmessenger_54.apk,05,True,1570,False,com.dx.anonymousmessenger,com.dx.anonymousmessenger
com.easytarget.micopi_32.apk,05,True,143,False,com.easytarget.micopi,org.eztarget.micopi
com.eletac.tronwallet_11.apk,05,True,731,False,com.eletac.tronwallet,com.eletac.tronwallet
com.emanuelef.remote_capture_71.apk,05,False,1763,False,com.emanuelef.remote_capture,com.emanuelef.remote_capture
com.etesync.syncadapter_20403.apk,05,False,2939,False,com.etesync.syncadapter,com.etesync.syncadapter
com.euedge.openaviationmap.android_16.apk,05,True,256,False,com.euedge.openaviationmap.android,org.openaviationmap.android
com.example.barcodescanner_13.apk,05,True,152,False,com.example.barcodescanner,com.example.barcodescanner
com.example.harisont.librery_4.apk,05,True,142,False,com.example.harisont.librery,com.example.harisont.librery
com.example.openpass_1.apk,05,True,70,False,com.example.openpass,com.example.openpass
com.example.root.analyticaltranslator_6.apk,05,True,16,False,com.example.root.analyticaltranslator,com.example.root.analyticaltranslator
com.example.trigger_344.apk,05,True,0,True,com.example.trigger,com.example.trigger
com.fastaccess.github.libre_467.apk,05,False,6784,False,com.fastaccess.github.libre,com.fastaccess.ui
com.freezingwind.animereleasenotifier_9.apk,05,True,65,False,com.freezingwind.animereleasenotifier,com.freezingwind.animereleasenotifier
com.frostwire.android_85.apk,05,False,2064,False,com.frostwire.android,com.frostwire.android
com.gaurav.avnc_26.apk,05,True,870,False,com.gaurav.avnc,com.gaurav.avnc
com.gbeatty.arxiv_39.apk,06,True,494,False,com.gbeatty.arxiv,com.gbeatty.arxiv
com.geecko.QuickLyric_131.apk,06,True,676,False,com.geecko.QuickLyric,com.geecko.QuickLyric
com.gh4a_73.apk,06,True,4095,False,com.gh4a,com.gh4a
com.ghostsq.commander_445.apk,06,False,2015,False,com.ghostsq.commander,com.ghostsq.commander
com.gianlu.aria2android_74.apk,06,False,1070,False,com.gianlu.aria2android,com.gianlu
com.gianlu.aria2app_225.apk,06,False,3354,False,com.gianlu.aria2app,com.gianlu
com.gianlu.dnshero_40.apk,06,True,435,False,com.gianlu.dnshero,com.gianlu
com.gimranov.zandy.app_1461.apk,06,True,482,False,com.gimranov.zandy.app,com.gimranov.zandy.app
com.github.axet.audiorecorder_377.apk,06,True,270,False,com.github.axet.audiorecorder,com.github.axet.audiorecorder
com.github.axet.binauralbeats_160.apk,06,True,366,False,com.github.axet.binauralbeats,com.github.axet.binauralbeats
com.github.axet.bookreader_416.apk,06,True,1124,False,com.github.axet.bookreader,com.github.axet.bookreader
com.github.axet.callrecorder_230.apk,06,True,250,False,com.github.axet.callrecorder,com.github.axet.callrecorder
com.github.axet.darknessimmunity_28.apk,06,True,71,False,com.github.axet.darknessimmunity,com.github.axet.darknessimmunity
com.github.axet.filemanager_187.apk,06,True,593,False,com.github.axet.filemanager,com.github.axet.filemanager
com.github.axet.hourlyreminder_476.apk,06,True,724,False,com.github.axet.hourlyreminder,com.github.axet.hourlyreminder
com.github.axet.mover_127.apk,07,True,125,False,com.github.axet.mover,com.github.axet.mover
com.github.axet.smsgate_274.apk,07,True,1448,False,com.github.axet.smsgate,com.github.axet
com.github.axet.tonegenerator_18.apk,07,True,15,False,com.github.axet.tonegenerator,com.github.axet.tonegenerator
com.github.axet.torrentclient_714.apk,07,True,643,False,com.github.axet.torrentclient,com.github.axet.torrentclient
com.github.gotify_29.apk,07,False,1072,False,com.github.gotify,com.github.gotify
com.github.jameshnsears.quoteunquote_1652434.apk,07,True,2175,False,com.github.jameshnsears.quoteunquote,com.github.jameshnsears.quoteunquote
com.github.linwoodcloud.dev_doctor_15.apk,07,True,748,False,com.github.linwoodcloud.dev_doctor,com.pichillilorenzo.flutter_inappwebview
com.github.mobile_1900.apk,07,True,1811,False,com.github.mobile,com.github.mobile
com.github.onetimepass_1002003.apk,07,True,471,False,com.github.onetimepass,com.github.onetimepass
com.glitterware.passy_17.apk,07,False,3,False,com.glitterware.passy,com.glitterware.passy
com.gmail.cn.leetao94.rssaid_4.apk,07,False,942,False,com.gmail.cn.leetao94.rssaid,com.pichillilorenzo.flutter_inappwebview
com.googlecode.gtalksms_69.apk,07,True,1049,False,com.googlecode.gtalksms,com.googlecode.gtalksms
com.googlecode.networklog_22501.apk,07,True,664,False,com.googlecode.networklog,com.googlecode.networklog
com.gracecode.android.presentation_20131114.apk,07,True,177,False,com.gracecode.android.presentation,com.gracecode.android.presentation
com.greenaddress.abcore_77.apk,07,False,89,False,com.greenaddress.abcore,com.greenaddress.abcore
com.greenaddress.greenbits_android_wallet_22000404.apk,08,True,9657,False,com.greenaddress.greenbits_android_wallet,com.blockstream.green
com.halftough.webcomreader_4.apk,08,True,752,False,com.halftough.webcomreader,com.example.halftough
com.hwloc.lstopo_271.apk,08,True,132,False,com.hwloc.lstopo,com.hwloc.lstopo
com.iboalali.sysnotifsnooze_102.apk,08,False,85,False,com.iboalali.sysnotifsnooze,com.iboalali.sysnotifsnooze
com.icecondor.nest_20150402.apk,08,False,330,False,com.icecondor.nest,com.icecondor.nest
com.ichi2.anki_21605300.apk,08,False,8530,False,com.ichi2.anki,com.ichi2.anki
com.igisw.openmoneybox_55.apk,08,False,361,False,com.igisw.openmoneybox,com.igisw.openmoneybox
com.indieweb.indigenous_84.apk,08,False,1374,False,com.indieweb.indigenous,com.indieweb.indigenous
com.iskrembilen.quasseldroid_1322.apk,08,True,6671,False,com.iskrembilen.quasseldroid,de.kuschku.quasseldroid
com.jairaj.janglegmail.motioneye_100.apk,08,False,125,False,com.jairaj.janglegmail.motioneye,com.jairaj.janglegmail.motioneye
com.jaygoel.virginminuteschecker_13.apk,08,True,130,False,com.jaygoel.virginminuteschecker,com.baker.vm
com.jbirdvegas.mgerrit_2111084.apk,08,False,1245,False,com.jbirdvegas.mgerrit,com.jbirdvegas.mgerrit
com.jens.automation2_133.apk,08,True,1465,False,com.jens.automation2,com.jens.automation2
com.jlyr_41.apk,08,True,272,False,com.jlyr,com.jlyr
com.jonbanjo.cupsprintservice_23.apk,08,True,698,False,com.jonbanjo.cupsprintservice,com.jonbanjo
com.jvillalba.apod.classic_11.apk,09,True,77,False,com.jvillalba.apod.classic,com.jvillalba.apod.classic
com.jvillalba.apod.md_11.apk,09,True,68,False,com.jvillalba.apod.md,com.jvillalba.apod.md
com.kidozh.discuzhub.fdroid_48.apk,09,False,6695,False,com.kidozh.discuzhub.fdroid,com.kidozh.discuzhub
com.koushikdutta.superuser_1030.apk,09,True,242,False,com.koushikdutta.superuser,com.koushikdutta.superuser
com.kunzisoft.keepass.libre_119.apk,09,False,8390,False,com.kunzisoft.keepass.libre,com.kunzisoft.keepass
com.lightning.walletapp_155.apk,09,False,8445,False,com.lightning.walletapp,com.lightning.walletapp
com.linuxcounter.lico_update_003_8.apk,09,True,45,False,com.linuxcounter.lico_update_003,com.linuxcounter.lico_update_003
com.lithium.leona.openstud_190.apk,09,True,1307,False,com.lithium.leona.openstud,com.lithium.leona
com.lostrealm.lembretes_93.apk,09,True,39,False,com.lostrealm.lembretes,com.lostrealm.lembretes
com.madgag.agit_139000000.apk,09,True,786,False,com.madgag.agit,com.madgag.agit
com.manimarank.spell4wiki_16.apk,09,False,1383,False,com.manimarank.spell4wiki,com.manimarank.spell4wiki
com.mareksebera.simpledilbert_40.apk,09,True,230,False,com.mareksebera.simpledilbert,com.mareksebera.simpledilbert
com.marv42.ebt.newnote_7100.apk,09,False,320,False,com.marv42.ebt.newnote,com.marv42.ebt
com.matburt.mobileorg_913.apk,09,False,1082,False,com.matburt.mobileorg,com.matburt.mobileorg
com.maxfierke.sandwichroulette_2.apk,09,True,120,False,com.maxfierke.sandwichroulette,com.maxfierke.sandwichroulette
com.maxfour.music_13.apk,10,True,2514,False,com.maxfour.music,com.maxfour.music
com.mde.potdroid_82.apk,10,True,1521,False,com.mde.potdroid,com.mde.potdroid
com.memetro.android_13.apk,10,True,1527,False,com.memetro.android,com.memetro.android
com.mendhak.gpslogger_127.apk,10,False,1155,False,com.mendhak.gpslogger,com.mendhak.gpslogger
com.mgaetan89.showsrage_16.apk,10,True,638,False,com.mgaetan89.showsrage,com.mgaetan89.showsrage
com.mishiranu.dashchan_1043.apk,10,True,6805,False,com.mishiranu.dashchan,com.mishiranu.dashchan
com.mobiperf_1050.apk,10,True,532,False,com.mobiperf,com.mobiperf
com.morlunk.mumbleclient_73.apk,10,True,5189,False,com.morlunk.mumbleclient,com.morlunk
com.nextcloud.client_30250090.apk,10,True,8540,False,com.nextcloud.client,com.owncloud.android
com.nhellfire.kerneladiutor_248.apk,10,True,3624,False,com.nhellfire.kerneladiutor,com.grarak.kerneladiutor
com.nltechno.dolidroidpro_57.apk,10,False,147,False,com.nltechno.dolidroidpro,com.nltechno.dolidroidpro
com.nutomic.ensichat_17.apk,10,False,1186,False,com.nutomic.ensichat,com.nutomic.ensichat
com.nyxkn.meditation_1103.apk,10,False,4,False,com.nyxkn.meditation,me.carda.awesome_notifications
com.oF2pks.classyshark3xodus_32.apk,10,True,0,True,com.oF2pks.classyshark3xodus,com.oF2pks.classyshark3xodus
com.oasisfeng.island.fdroid_51668.apk,10,False,961,False,com.oasisfeng.island.fdroid,com.oasisfeng.island
com.orgzly_171.apk,11,False,824,False,com.orgzly,com.orgzly.android
com.oriondev.moneywallet_75.apk,11,False,4599,False,com.oriondev.moneywallet,com.oriondev.moneywallet
com.orpheusdroid.screenrecorder_33.apk,11,True,468,False,com.orpheusdroid.screenrecorder,com.orpheusdroid.screenrecorder
com.orpheusdroid.sqliteviewer_1.apk,11,True,238,False,com.orpheusdroid.sqliteviewer,com.orpheusdroid.sqliteviewer
com.outdoordevs.ellaism.wallet_35.apk,11,True,797,False,com.outdoordevs.ellaism.wallet,rehanced.com.simpleetherwallet
com.owncloud.android_41000000.apk,11,False,10173,False,com.owncloud.android,com.owncloud.android
com.paranoiaworks.unicus.android.sse_118.apk,11,True,2025,False,com.paranoiaworks.unicus.android.sse,com.paranoiaworks.unicus
com.perol.asdpl.play.pixivez.libre_118.apk,11,False,5620,False,com.perol.asdpl.play.pixivez.libre,com.perol.asdpl
com.pindroid_69.apk,11,True,640,False,com.pindroid,com.pindroid
com.planes.android_25.apk,11,False,1483,False,com.planes.android,com.planes.android
com.porg.gugal_22.apk,11,False,1145,False,com.porg.gugal,com.porg.gugal
com.quaap.launchtime_850.apk,11,True,1063,False,com.quaap.launchtime,com.quaap.launchtime
com.quaap.primary_33.apk,11,True,489,False,com.quaap.primary,com.quaap.primary
com.rafapps.simplenotes_7.apk,11,True,161,False,com.rafapps.simplenotes,com.rafapps.simplenotes
com.rareventure.gps2_91.apk,11,True,1531,False,com.rareventure.gps2,com.rareventure.gps2
com.reddyetwo.hashmypass.app_24.apk,12,True,445,False,com.reddyetwo.hashmypass.app,com.reddyetwo.hashmypass.app
com.refactech.driibo_3.apk,12,True,258,False,com.refactech.driibo,com.refactech.driibo
com.rfo.LASKmobile_501.apk,12,True,2789,False,com.rfo.LASKmobile,com.rfo.LASKmobile
com.rfo.basic_500.apk,12,True,2789,False,com.rfo.basic,com.rfo.basic
com.ruesga.android.wallpapers.photophase_1036.apk,12,True,1521,False,com.ruesga.android.wallpapers.photophase,com.ruesga.android
com.ruesga.rview_69.apk,12,False,5878,False,com.ruesga.rview,com.ruesga.rview
com.sam.hex_16.apk,12,True,388,False,com.sam.hex,com.sam.hex
com.saverio.wordoftheday_en_15.apk,12,True,119,False,com.saverio.wordoftheday_en,com.saverio.wordoftheday_en
com.seafile.seadroid2_138.apk,12,False,4111,False,com.seafile.seadroid2,com.seafile.seadroid2
com.securefilemanager.app_12.apk,12,False,183,False,com.securefilemanager.app,com.securefilemanager.app
com.serwylo.babybook_11.apk,12,False,1472,False,com.serwylo.babybook,com.serwylo.babybook
com.shabinder.spotiflyer_31.apk,12,False,450,False,com.shabinder.spotiflyer,com.shabinder.spotiflyer
com.simplemobiletools.filemanager.pro_135.apk,12,True,5051,False,com.simplemobiletools.filemanager.pro,com.simplemobiletools
com.soumikshah.investmenttracker_3.apk,12,True,343,False,com.soumikshah.investmenttracker,com.soumikshah.investmenttracker
com.spisoft.quicknote_241.apk,12,True,1038,False,com.spisoft.quicknote,com.spisoft.quicknote
com.tananaev.logcat_14.apk,13,False,122,False,com.tananaev.logcat,com.tananaev.logcat
com.termoneplus_440.apk,13,False,291,False,com.termoneplus,com.termoneplus
com.termux.api_51.apk,13,False,493,False,com.termux.api,com.termux.api
com.termux.nix_188033.apk,13,False,1839,False,com.termux.nix,com.termux
com.termux_118.apk,13,False,1411,False,com.termux,com.termux
com.thibaudperso.sonycamera_24.apk,13,True,454,False,com.thibaudperso.sonycamera,com.thibaudperso.sonycamera
com.thirtydegreesray.openhub_34.apk,13,True,4586,False,com.thirtydegreesray.openhub,com.thirtydegreesray.openhub
com.timenotclocks.bookcase_22.apk,13,True,705,False,com.timenotclocks.bookcase,com.timenotclocks.bookcase
com.tnibler.cryptocam_17.apk,13,False,70,False,com.tnibler.cryptocam,com.tnibler.cryptocam
com.tobiaskuban.android.monthcalendarwidgetfoss_5.apk,13,True,123,False,com.tobiaskuban.android.monthcalendarwidgetfoss,com.tobiaskuban.android.monthcalendarwidgetfoss
com.tobykurien.webapps_40.apk,13,True,353,False,com.tobykurien.webapps,com.tobykurien.webapps
com.todobom.opennotescanner_35.apk,13,False,271,False,com.todobom.opennotescanner,com.todobom.opennotescanner
com.totsp.crossword.shortyz_40403.apk,13,True,1106,False,com.totsp.crossword.shortyz,com.totsp.crossword
com.truchsess.send2car_11.apk,13,True,509,False,com.truchsess.send2car,com.truchsess.send2car
com.twoeightnine.root.xvii_194.apk,13,True,7440,False,com.twoeightnine.root.xvii,com.twoeightnine.root.xvii
com.ulicae.cinelog_37.apk,14,False,1319,False,com.ulicae.cinelog,com.ulicae.cinelog
com.uploadedlobster.PwdHash_26.apk,14,True,48,False,com.uploadedlobster.PwdHash,com.uploadedlobster.PwdHash
com.valleytg.oasvn.android_11.apk,14,True,381,False,com.valleytg.oasvn.android,com.valleytg.oasvn.android
com.vecturagames.android.app.passwordgenerator_36.apk,14,False,213,False,com.vecturagames.android.app.passwordgenerator,com.vecturagames.android.app.passwordgenerator
com.vecturagames.android.app.passwordmaster_6.apk,14,True,276,False,com.vecturagames.android.app.passwordmaster,com.vecturagames.android.app.passwordmaster
com.vgorcum.minedmonero_2.apk,14,True,31,False,com.vgorcum.minedmonero,com.vgorcum.minedmonero
com.vladpen.cams_1010123.apk,14,False,358,False,com.vladpen.cams,com.vladpen.cams
com.vuze.android.remote_82.apk,14,False,1616,False,com.vuze.android.remote,com.vuze.android
com.vwp.owmap_136.apk,14,True,120,False,com.vwp.owmap,com.vwp.owmap
com.vwp.owmini_128.apk,14,True,83,False,com.vwp.owmini,com.vwp.owmini
com.wangdaye.mysplash_348.apk,14,True,5210,False,com.wangdaye.mysplash,com.wangdaye.mysplash
com.workingagenda.devinettes_3.apk,14,True,38,False,com.workingagenda.devinettes,com.workingagenda.devinettes
com.xabber.android.classic_106.apk,14,True,2577,False,com.xabber.android.classic,com.xabber.android
com.xabber.android_644.apk,14,True,7001,False,com.xabber.android,com.xabber.android
com.xmission.trevin.android.todo_1.apk,14,True,425,False,com.xmission.trevin.android.todo,com.xmission.trevin.android.todo
com.yassirh.digitalocean_32.apk,15,True,707,False,com.yassirh.digitalocean,com.yassirh.digitalocean
com.zfdang.zsmth_android_972.apk,15,True,1084,False,com.zfdang.zsmth_android,com.zfdang.zsmth_android
com.zoffcc.applications.aagtl_36.apk,15,True,334,False,com.zoffcc.applications.aagtl,com.zoffcc.applications.aagtl
com.zoffcc.applications.metalab_open_widget_10004.apk,15,True,23,False,com.zoffcc.applications.metalab_open_widget,com.erenutku.updatingwidgetexample
com.zoffcc.applications.zanavi_257.apk,15,True,1001,False,com.zoffcc.applications.zanavi,com.zoffcc.applications
com.zorinos.zorin_connect_12302.apk,15,False,2826,False,com.zorinos.zorin_connect,org.kde.kdeconnect
com.zzzmode.appopsx_125.apk,15,True,939,False,com.zzzmode.appopsx,com.zzzmode.appopsx
community.fairphone.clock_3.apk,15,True,31,False,community.fairphone.clock,community.fairphone.clock
community.fairphone.mycontacts_3.apk,15,True,91,False,community.fairphone.mycontacts,com.fairphone.mycontacts
covidsecure.uk.venuecheckin_1.apk,15,False,144,False,covidsecure.uk.venuecheckin,covidsecure.uk.venuecheckin
cx.hell.android.pdfview_40000.apk,15,True,192,False,cx.hell.android.pdfview,cx.hell.android.pdfview
cx.vmx.sdcontacts_10000.apk,15,False,9,False,cx.vmx.sdcontacts,cx.vmx.sdcontacts
cz.vitSkalicky.klavesnice_2.apk,15,True,0,True,cz.vitSkalicky.klavesnice,cz.vitSkalicky.klavesnice
de.binary_kitchen.doorlock_app_8.apk,15,True,65,False,de.binary_kitchen.doorlock_app,de.binary_kitchen.doorlock_app
de.bjusystems.vdrmanager_12600.apk,15,True,1374,False,de.bjusystems.vdrmanager,de.bjusystems.vdrmanager
de.blinkt.openvpn_204.apk,16,False,1767,False,de.blinkt.openvpn,de.blinkt.openvpn
de.bulling.barcodebuddyscanner_8.apk,16,False,93,False,de.bulling.barcodebuddyscanner,de.bulling.barcodebuddyscanner
de.chaosdorf.meteroid_57.apk,16,False,383,False,de.chaosdorf.meteroid,de.chaosdorf.meteroid
de.com.quaap.primary_331.apk,16,True,492,False,de.com.quaap.primary,com.quaap.primary
de.determapp.android_8.apk,16,True,145,False,de.determapp.android,de.determapp.android
de.digisocken.reotwe_206.apk,16,True,155,False,de.digisocken.reotwe,de.digisocken.ReoTwe
de.fmaul.android.cmis_8.apk,16,True,791,False,de.fmaul.android.cmis,de.fmaul.android.cmis
de.freehamburger_8.apk,16,True,498,False,de.freehamburger,de.freehamburger
de.geeksfactory.opacclient_243.apk,16,False,2537,False,de.geeksfactory.opacclient,de.geeksfactory.opacclient
de.grobox.blitzmail_14.apk,16,True,76,False,de.grobox.blitzmail,de.grobox.blitzmail
de.hampager.dapnetmobile_25.apk,16,True,397,False,de.hampager.dapnetmobile,de.hampager.dapnetmobile
de.idiomreplacex.browser_app_1.apk,16,True,942,False,de.idiomreplacex.browser_app,com.pichillilorenzo.flutter_inappwebview
de.igloffstein.maik.aRevelation_19.apk,16,True,0,True,de.igloffstein.maik.aRevelation,de.igloffstein.maik.aRevelation
de.jugendhacker.xmppadmin_1.apk,16,True,21,False,de.jugendhacker.xmppadmin,de.jugendhacker.xmppadmin
de.kaffeemitkoffein.imagepipe_45.apk,16,True,450,False,de.kaffeemitkoffein.imagepipe,de.kaffeemitkoffein.imagepipe
de.kodejak.hashr_13.apk,17,True,82,False,de.kodejak.hashr,de.kodejak.hashr
de.koelle.christian.trickytripper_25.apk,17,True,1386,False,de.koelle.christian.trickytripper,de.koelle.christian.trickytripper
de.langerhans.wallet_400.apk,17,True,2341,False,de.langerhans.wallet,de.schildbach.wallet
de.larcado.sesam_2.apk,17,False,199,False,de.larcado.sesam,de.larcado.sesam
de.monocles.mail_11.apk,17,False,11433,False,de.monocles.mail,com.fsck.k9
de.nellessen.usercontrolleddecryptionoperations_6.apk,17,True,22,False,de.nellessen.usercontrolleddecryptionoperations,de.nellessen.usercontrolleddecryptionoperations
de.nulide.findmydevice_23.apk,17,False,455,False,de.nulide.findmydevice,de.nulide.findmydevice
de.perflyst.untis_16.apk,17,True,631,False,de.perflyst.untis,de.perflyst.untis
de.piratentools.spickerrr_4.apk,17,True,317,False,de.piratentools.spickerrr,de.piratentools.spickerrr
de.pixart.messenger_344.apk,17,True,7729,False,de.pixart.messenger,eu.siacs.conversations
de.qwerty287.ftpclient_15.apk,17,False,1103,False,de.qwerty287.ftpclient,de.qwerty287.ftpclient
de.rwth_aachen.phyphox_1011208.apk,17,False,1359,False,de.rwth_aachen.phyphox,de.rwth_aachen.phyphox
de.schildbach.wallet_100600_58dcd8a.apk,17,False,2202,False,de.schildbach.wallet,de.schildbach.wallet
de.schildbach.wallet_test_100600_58dcd8a.apk,17,False,2202,False,de.schildbach.wallet_test,de.schildbach.wallet
de.spiritcroc.darkcroc.substratum_11.apk,17,False,25,False,de.spiritcroc.darkcroc.substratum,de.spiritcroc.darkcroc.substratum
de.spiritcroc.defaultdarktheme_oms_53.apk,18,False,26,False,de.spiritcroc.defaultdarktheme_oms,de.spiritcroc.defaultdarktheme_oms
de.srlabs.gsmmap_13.apk,18,True,278,False,de.srlabs.gsmmap,de.srlabs.gsmmap
de.srlabs.snoopsnitch_50.apk,18,False,1949,False,de.srlabs.snoopsnitch,de.srlabs
de.tadris.flang_9.apk,18,False,1796,False,de.tadris.flang,de.tadris.flang
de.thecode.android.tazreader_3140000.apk,18,True,1981,False,de.thecode.android.tazreader,de.thecode.android.tazreader
de.thecode.lmd_3100300.apk,18,True,2151,False,de.thecode.lmd,de.thecode.android
de.toshsoft.tsvnc_21.apk,18,False,383,False,de.toshsoft.tsvnc,de.toshsoft.tsvnc
de.varengold.activeTAN_38.apk,18,False,136,False,de.varengold.activeTAN,de.efdis.tangenerator
de.vier_bier.habpanelviewer_10.apk,18,True,1128,False,de.vier_bier.habpanelviewer,de.vier_bier.habpanelviewer
de.wikilab.android.friendica01_9.apk,18,False,349,False,de.wikilab.android.friendica01,de.wikilab.android.friendica01
dev.lbeernaert.youhavemail_28.apk,18,True,1155,False,dev.lbeernaert.youhavemail,dev.lbeernaert.youhavemail
dev.msfjarvis.aps_11350.apk,18,True,863,False,dev.msfjarvis.aps,com.zeapo.pwdstore
digital.selfdefense.lucia_20001.apk,18,True,17,False,digital.selfdefense.lucia,digital.selfdefense.lucia
dk.meznik.jan.encrypttext_5.apk,18,True,11,False,dk.meznik.jan.encrypttext,dk.meznik.jan.encrypttext
dnsfilter.android_1505401.apk,18,True,361,False,dnsfilter.android,dnsfilter.android
dummydomain.yetanothercallblocker_5170.apk,19,True,1039,False,dummydomain.yetanothercallblocker,dummydomain.yetanothercallblocker
edu.berkeley.boinc_72202.apk,19,False,523,False,edu.berkeley.boinc,edu.berkeley.boinc
edu.cmu.cylab.starslinger.demo_17301504.apk,19,True,281,False,edu.cmu.cylab.starslinger.demo,edu.cmu.cylab
edu.stanford.rkpandey.covid19tracker_2.apk,19,True,59,False,edu.stanford.rkpandey.covid19tracker,edu.stanford.rkpandey.covid19tracker
ee.ioc.phon.android.speak_1814.apk,19,True,263,False,ee.ioc.phon.android.speak,ee.ioc.phon.android.speak
email.schaal.ocreader_59.apk,19,False,599,False,email.schaal.ocreader,email.schaal.ocreader
es.cesar.quitesleep_13.apk,19,True,537,False,es.cesar.quitesleep,es.cesar.quitesleep
es.wolfi.app.passman_17.apk,19,False,415,False,es.wolfi.app.passman,es.wolfi.app.passman
eu.bubu1.fdroidclassic_1110.apk,19,True,1402,False,eu.bubu1.fdroidclassic,org.fdroid.fdroid
eu.droogers.smsmatrix_16.apk,19,False,125,False,eu.droogers.smsmatrix,eu.droogers.smsmatrix
eu.pretix.pretixscan.droid_81.apk,19,False,1148,False,eu.pretix.pretixscan.droid,eu.pretix.pretixscan
eu.schmidt.systems.opensyncedlists_9.apk,19,True,237,False,eu.schmidt.systems.opensyncedlists,eu.schmidt.systems.opensyncedlists
eu.vranckaert.worktime_260.apk,19,True,2289,False,eu.vranckaert.worktime,eu.vranckaert.worktime
fm.libre.droid_5.apk,19,True,122,False,fm.libre.droid,fm.libre.droid
fr.free.nrw.commons_1034.apk,19,True,6634,False,fr.free.nrw.commons,fr.free.nrw
fr.gaulupeau.apps.InThePoche_229.apk,20,False,1897,False,fr.gaulupeau.apps.InThePoche,fr.gaulupeau.apps
fr.gouv.etalab.mastodon_500.apk,20,False,9219,False,fr.gouv.etalab.mastodon,app.fedilab.android
fr.kwiatkowski.ApkTrack_24.apk,20,True,236,False,fr.kwiatkowski.ApkTrack,fr.kwiatkowski.apktrack
fr.nihilus.music_201010.apk,20,False,252,False,fr.nihilus.music,fr.nihilus.music
fr.s13d.photobackup_33.apk,20,True,221,False,fr.s13d.photobackup,fr.s13d.photobackup
free.rm.skytube.legacy.oss_47.apk,20,False,2552,False,free.rm.skytube.legacy.oss,free.rm.skytube
free.rm.skytube.oss_47.apk,20,False,2552,False,free.rm.skytube.oss,free.rm.skytube
freemap.opentrail_11.apk,20,True,182,False,freemap.opentrail,freemap.opentrail
gg.mw.passera_2.apk,20,True,15,False,gg.mw.passera,gg.mw.passera
git.rrgb.kinolog_11.apk,20,True,126,False,git.rrgb.kinolog,git.rrigby.kinolog
github.daneren2005.dsub_208.apk,20,False,3255,False,github.daneren2005.dsub,github.daneren2005.dsub
github.vatsal.easyweatherdemo_11.apk,20,True,16,False,github.vatsal.easyweatherdemo,github.vatsal.easyweatherdemo
godau.fynn.bandcampdirect_2.apk,20,True,573,False,godau.fynn.bandcampdirect,godau.fynn
godau.fynn.dsbdirect_41.apk,20,False,483,False,godau.fynn.dsbdirect,godau.fynn
godau.fynn.moodledirect_7.apk,20,False,1437,False,godau.fynn.moodledirect,godau.fynn.moodledirect
groomiac.crocodilenote_16.apk,21,True,183,False,groomiac.crocodilenote,groomiac.crocodilenote
hashengineering.groestlcoin.wallet_100301.apk,21,False,2497,False,hashengineering.groestlcoin.wallet,de.schildbach.wallet
hashengineering.groestlcoin.wallet_test_100301.apk,21,False,2497,False,hashengineering.groestlcoin.wallet_test,de.schildbach.wallet
horse.amazin.my.stratum0.statuswidget_28.apk,21,True,140,False,horse.amazin.my.stratum0.statuswidget,horse.amazin.my.stratum0.statuswidget
host.stjin.anonaddy_344810200.apk,21,False,4610,False,host.stjin.anonaddy,host.stjin.anonaddy
idv.markkuo.ambitsync_9.apk,21,True,116,False,idv.markkuo.ambitsync,idv.markkuo.ambitsync
ie.defo.ech_apps_1014051.apk,21,True,2729,False,ie.defo.ech_apps,org.fdroid.fdroid
in.andres.kandroid_19.apk,21,True,795,False,in.andres.kandroid,in.andres.kandroid
in.blogspot.anselmbros.torchie_34.apk,21,True,272,False,in.blogspot.anselmbros.torchie,in.blogspot.anselmbros.torchie
in.p1x.tanks_of_freedom_20.apk,21,True,0,True,in.p1x.tanks_of_freedom,in.p1x.tanks_of_freedom
indrora.atomic_21.apk,21,True,114,False,indrora.atomic,indrora.atomic.activity
info.guardianproject.checkey_101.apk,21,True,60,False,info.guardianproject.checkey,info.guardianproject.checkey
info.guardianproject.gilga_11.apk,21,True,156,False,info.guardianproject.gilga,info.guardianproject.gilga
info.metadude.android.debconf.schedule_85.apk,21,True,943,False,info.metadude.android.debconf.schedule,nerd.tuxmobil.fahrplan
info.metadude.android.pyconza.schedule_84.apk,21,True,957,False,info.metadude.android.pyconza.schedule,nerd.tuxmobil.fahrplan
info.staticfree.SuperGenPass_22.apk,22,True,134,False,info.staticfree.SuperGenPass,info.staticfree.SuperGenPass
info.varden.hauk_14.apk,22,False,596,False,info.varden.hauk,info.varden.hauk
info.zamojski.soft.towercollector_2140302.apk,22,False,275,False,info.zamojski.soft.towercollector,info.zamojski.soft.towercollector
io.github.alketii.mightyknight_1.apk,22,True,0,True,io.github.alketii.mightyknight,io.github.alketii.mightyknight
io.github.chiver_211.apk,22,False,171,False,io.github.chiver,io.github.chiver
io.github.domi04151309.home_1100.apk,22,True,1154,False,io.github.domi04151309.home,io.github.domi04151309.home
io.github.droidapps.pdfreader_40000.apk,22,True,211,False,io.github.droidapps.pdfreader,io.github.droidapps.pdfreader
io.github.installalogs_10.apk,22,True,206,False,io.github.installalogs,io.github.installalogs
io.github.ismywebsiteup_11.apk,22,False,353,False,io.github.ismywebsiteup,io.github.ismywebsiteup
io.github.kobuge.games.minilens_2.apk,22,True,0,True,io.github.kobuge.games.minilens,io.github.kobuge.games.minilens
io.github.powerinside.syncplay_23.apk,22,True,178,False,io.github.powerinside.syncplay,io.github.powerinside.syncplay
io.github.subhamtyagi.privacyapplock_8.apk,22,True,601,False,io.github.subhamtyagi.privacyapplock,com.lzx.lock
io.github.tjg1.nori_15.apk,22,True,366,False,io.github.tjg1.nori,io.github.tjg1
io.github.x0b.rcx_220.apk,22,True,2211,False,io.github.x0b.rcx,ca.pkay.rcloneexplorer
io.githubfede0d.planetrider_1.apk,22,True,0,True,io.githubfede0d.planetrider,io.githubfede0d.planetrider
io.gitlab.pycpim.marxist_35.apk,23,False,1242,False,io.gitlab.pycpim.marxist,com.marxist.android
io.gresse.hugo.anecdote_23.apk,23,True,393,False,io.gresse.hugo.anecdote,io.gresse.hugo.anecdote
io.heckel.ntfy_32.apk,23,True,2025,False,io.heckel.ntfy,io.heckel.ntfy
io.homeassistant.companion.android.minimal_10992.apk,23,False,10658,False,io.homeassistant.companion.android.minimal,io.homeassistant.companion
io.lbry.browser_17011.apk,23,False,3759,False,io.lbry.browser,io.lbry
io.literal_37.apk,23,True,567,False,io.literal,io.literal.ui
io.mainframe.hacs_66.apk,23,False,433,False,io.mainframe.hacs,io.mainframe.hacs
io.mrarm.irc_13.apk,23,True,3753,False,io.mrarm.irc,io.mrarm.irc
io.nekohasekai.anXray_175.apk,23,False,5344,False,io.nekohasekai.anXray,io.nekohasekai.sagernet
io.oversec.one_1005015.apk,23,True,3409,False,io.oversec.one,io.oversec.one
io.pslab_22.apk,23,False,3362,False,io.pslab,io.pslab
io.simplelogin.android.fdroid_12001.apk,23,False,2732,False,io.simplelogin.android.fdroid,io.simplelogin.android
io.timelimit.android.aosp.direct_209.apk,23,False,1598,False,io.timelimit.android.aosp.direct,io.timelimit.android
io.timelimit.android.open_194.apk,23,True,1121,False,io.timelimit.android.open,io.timelimit.android
io.treehouses.remote_6098.apk,23,True,2926,False,io.treehouses.remote,io.treehouses.remote
io.va.exposed_202.apk,24,True,3421,False,io.va.exposed,com.lody.virtual
ir.hsn6.defendo_8.apk,24,True,0,True,ir.hsn6.defendo,ir.hsn6.defendo
ir.hsn6.k2_2.apk,24,True,0,True,ir.hsn6.k2,ir.hsn6.k2
ir.hsn6.trans_4.apk,24,True,0,True,ir.hsn6.trans,ir.hsn6.trans
ir.hsn6.turo_7.apk,24,True,0,True,ir.hsn6.turo,ir.hsn6.turo
is.zi.huewidgets_8.apk,24,True,177,False,is.zi.huewidgets,is.zi
it.greenaddress.cordova_72.apk,24,True,50,False,it.greenaddress.cordova,it.greenaddress.cordova
jackpal.androidterm_72.apk,24,True,855,False,jackpal.androidterm,jackpal.androidterm
jonas.tool.saveForOffline_21.apk,24,True,216,False,jonas.tool.saveForOffline,jonas.tool.saveForOffline
jp.co.kayo.android.localplayer_2071400330.apk,24,True,2930,False,jp.co.kayo.android.localplayer,jp.co.kayo
jp.gr.java_conf.hatalab.mnv_40.apk,24,True,484,False,jp.gr.java_conf.hatalab.mnv,jp.gr.java_conf.hatalab.mnv
kiwi.root.an2linuxclient_19.apk,24,False,83,False,kiwi.root.an2linuxclient,kiwi.root.an2linuxclient
kvj.taskw_3.apk,24,True,596,False,kvj.taskw,kvj.taskw
li.klass.fhem_141.apk,24,True,2417,False,li.klass.fhem,li.klass.fhem
livio.rssreader_101.apk,24,True,331,False,livio.rssreader,livio.rssreader
ltd.evilcorp.atox_12.apk,25,False,151,False,ltd.evilcorp.atox,ltd.evilcorp.atox
max.music_cyclon_4.apk,25,True,120,False,max.music_cyclon,max.music_cyclon
me.anon.grow_2631.apk,25,False,2180,False,me.anon.grow,me.anon
me.ccrama.redditslide_337.apk,25,True,6813,False,me.ccrama.redditslide,me.ccrama.redditslide
me.echeung.moemoekyun.fdroid_106.apk,25,False,1705,False,me.echeung.moemoekyun.fdroid,me.echeung.moemoekyun
me.hackerchick.sharetoinputstick_20.apk,25,False,186,False,me.hackerchick.sharetoinputstick,me.hackerchick.sharetoinputstick
me.kuehle.carreport_79.apk,25,True,1099,False,me.kuehle.carreport,me.kuehle.carreport
me.lucky.duress_10.apk,25,False,126,False,me.lucky.duress,me.lucky.duress
me.lucky.sentry_9.apk,25,False,206,False,me.lucky.sentry,me.lucky.sentry
me.lucky.wasted_39.apk,25,False,341,False,me.lucky.wasted,me.lucky.wasted
me.ocv.partyup_10600.apk,25,False,16,False,me.ocv.partyup,me.ocv.partyup
me.phh.superuser_1033.apk,25,True,204,False,me.phh.superuser,com.koushikdutta.superuser
me.tagavari.airmessage_139.apk,25,False,5141,False,me.tagavari.airmessage,me.tagavari.airmessage
me.timschneeberger.rootlessjamesdsp_42.apk,25,False,3128,False,me.timschneeberger.rootlessjamesdsp,me.timschneeberger.rootlessjamesdsp
mobi.maptrek_84.apk,25,False,2557,False,mobi.maptrek,mobi.maptrek
name.gdr.acastus_photon_27.apk,26,True,136,False,name.gdr.acastus_photon,name.gdr.acastus_photon
nekox.messenger_710.apk,26,False,5346,False,nekox.messenger,org.telegram.messenger
net.androidcomics.acv_46.apk,26,True,846,False,net.androidcomics.acv,net.robotmedia.acv
net.cyclestreets_1579.apk,26,True,1722,False,net.cyclestreets,net.cyclestreets
net.eneiluj.moneybuster_36.apk,26,False,1337,False,net.eneiluj.moneybuster,net.eneiluj.moneybuster
net.eneiluj.nextcloud.phonetrack_20.apk,26,True,983,False,net.eneiluj.nextcloud.phonetrack,net.eneiluj.nextcloud
net.etuldan.sparss.floss_75.apk,26,True,648,False,net.etuldan.sparss.floss,net.etuldan.sparss
net.fabiszewski.ulogger_309.apk,26,True,593,False,net.fabiszewski.ulogger,net.fabiszewski.ulogger
net.frju.flym_40.apk,26,True,1002,False,net.frju.flym,net.frju.flym
net.gsantner.markor_146.apk,26,False,1630,False,net.gsantner.markor,net.gsantner.markor
net.i2p.android.router_4745279.apk,26,False,1557,False,net.i2p.android.router,net.i2p.android
net.ivpn.client_126.apk,26,False,6909,False,net.ivpn.client,net.ivpn.core
net.jjc1138.android.scrobbler_7.apk,26,True,152,False,net.jjc1138.android.scrobbler,net.jjc1138.android.scrobbler
net.kourlas.voipms_sms_146.apk,26,False,1644,False,net.kourlas.voipms_sms,net.kourlas.voipms_sms
net.ktnx.mobileledger_55.apk,26,False,3092,False,net.ktnx.mobileledger,net.ktnx.mobileledger
net.lardcave.keepassnfc_2.apk,27,True,40,False,net.lardcave.keepassnfc,net.lardcave.keepassnfc
net.majorkernelpanic.spydroid_1000.apk,27,True,114,False,net.majorkernelpanic.spydroid,net.majorkernelpanic.spydroid
net.momodalo.app.vimtouch_25.apk,27,True,342,False,net.momodalo.app.vimtouch,net.momodalo.app
net.nullsum.audinaut_202.apk,27,True,2139,False,net.nullsum.audinaut,net.nullsum.audinaut
net.opendasharchive.openarchive.release_16.apk,27,True,229,False,net.opendasharchive.openarchive.release,net.opendasharchive.openarchive
net.oschina.app_18.apk,27,True,2104,False,net.oschina.app,net.oschina.app
net.osmand.plus_451003.apk,27,True,59915,False,net.osmand.plus,net.osmand
net.programmierecke.radiodroid2_94.apk,27,False,1786,False,net.programmierecke.radiodroid2,net.programmierecke.radiodroid2
net.reichholf.dreamdroid_456.apk,27,False,523,False,net.reichholf.dreamdroid,net.reichholf.dreamdroid
net.schueller.instarepost_205.apk,27,True,355,False,net.schueller.instarepost,net.schueller.instarepost
net.schueller.peertube_1080.apk,27,False,1336,False,net.schueller.peertube,net.schueller.peertube
net.screenfreeze.deskcon_10.apk,27,True,241,False,net.screenfreeze.deskcon,net.screenfreeze.deskcon
net.sf.andhsli.hotspotlogin_20.apk,27,True,316,False,net.sf.andhsli.hotspotlogin,net.sf.andhsli.hotspotlogin
net.sf.crypt.gort_8.apk,27,True,68,False,net.sf.crypt.gort,net.sf.crypt.gort
net.sourceforge.subsonic.androidapp_59.apk,27,True,1186,False,net.sourceforge.subsonic.androidapp,net.sourceforge.subsonic.androidapp
net.vreeken.quickmsg_16.apk,28,True,237,False,net.vreeken.quickmsg,net.vreeken.quickmsg
net.wigle.wigleandroid_263.apk,28,True,1145,False,net.wigle.wigleandroid,net.wigle.wigleandroid
net.xvello.salasana_3.apk,28,True,11,False,net.xvello.salasana,net.xvello.salasana
net.yolosec.routerkeygen2_80.apk,28,True,581,False,net.yolosec.routerkeygen2,org.exobel.routerkeygen
network.mysterium.vpn_107173.apk,28,True,3969,False,network.mysterium.vpn,updated.mysterium.vpn
network.ubic.ubic_7.apk,28,True,401,False,network.ubic.ubic,network.ubic.ubic
nl.eduvpn.app_23.apk,28,False,764,False,nl.eduvpn.app,de.blinkt.openvpn
nl.implode.weer_24.apk,28,True,70,False,nl.implode.weer,nl.implode.weer
nl.patrickkostjens.kandroid_20.apk,28,True,794,False,nl.patrickkostjens.kandroid,nl.patrickkostjens.kandroid
nl.privacydragon.bookwyrm_11.apk,28,False,19,False,nl.privacydragon.bookwyrm,nl.privacydragon.bookwyrm
nl.yoerinijs.notebuddy_17.apk,28,True,228,False,nl.yoerinijs.notebuddy,nl.yoerinijs.nb
nya.miku.wishmaster_54.apk,28,False,4068,False,nya.miku.wishmaster,nya.miku.wishmaster
nz.gen.geek_central.ObjViewer_1.apk,28,True,55,False,nz.gen.geek_central.ObjViewer,nz.gen.geek_central.ObjViewer
ohi.andre.consolelauncher_205.apk,28,True,2705,False,ohi.andre.consolelauncher,ohi.andre.consolelauncher
ohm.quickdice_48.apk,28,True,1070,False,ohm.quickdice,ohm.quickdice
openfoodfacts.github.scrachx.openbeauty_582.apk,29,False,3987,False,openfoodfacts.github.scrachx.openbeauty,openfoodfacts.github.scrachx
org.afhdownloader_11.apk,29,True,121,False,org.afhdownloader,org.afhdownloader
org.asdtm.fas_3.apk,29,True,499,False,org.asdtm.fas,org.asdtm.fas
org.astonbitecode.rustkeylock_1401.apk,29,True,167,False,org.astonbitecode.rustkeylock,org.astonbitecode.rustkeylock
org.aykit.MyOwnNotes_11.apk,29,True,187,False,org.aykit.MyOwnNotes,org.aykit.MyOwnNotes
org.basketbuilddownloader_13.apk,29,True,114,False,org.basketbuilddownloader,org.basketbuilddownloader
org.bombusmod_1422.apk,29,True,76,False,org.bombusmod,org.bombusmod
org.bottiger.podcast_424.apk,29,False,4211,False,org.bottiger.podcast,org.bottiger.podcast
org.brandroid.openmanager_212.apk,29,False,2661,False,org.brandroid.openmanager,org.brandroid.openmanager
org.c_base.c_beam_34.apk,29,False,773,False,org.c_base.c_beam,org.c_base.c_beam
org.connectbot_10909000.apk,29,True,990,False,org.connectbot,org.connectbot
org.cry.otp_23.apk,29,True,71,False,org.cry.otp,org.cry.otp
org.cryptomator.lite_2824.apk,29,False,4419,False,org.cryptomator.lite,org.cryptomator.presentation
org.daylightingsociety.wherearetheeyes_6.apk,29,True,109,False,org.daylightingsociety.wherearetheeyes,org.daylightingsociety.wherearetheeyes
org.decsync.flym_46.apk,29,True,1225,False,org.decsync.flym,org.decsync.flym
org.disrupted.rumble_16.apk,30,True,1424,False,org.disrupted.rumble,org.disrupted.rumble
org.domogik.domodroid13_33.apk,30,True,0,True,org.domogik.domodroid13,org.domogik.domodroid13
org.dynalogin.android_3.apk,30,True,90,False,org.dynalogin.android,org.dynalogin.android
org.dyndns.warenix.web2pdf_70.apk,30,True,111,False,org.dyndns.warenix.web2pdf,org.dyndns.warenix.web2pdf
org.dystopia.email_118.apk,30,True,1975,False,org.dystopia.email,org.dystopia.email
org.ea.sqrl_54.apk,30,True,796,False,org.ea.sqrl,org.ea.sqrl
org.eehouse.android.xw4_194.apk,30,False,4141,False,org.eehouse.android.xw4,org.eehouse.android
org.emergent.android.weave_8.apk,30,True,583,False,org.emergent.android.weave,org.emergent.android.weave
org.emunix.insteadlauncher_80601.apk,30,True,488,False,org.emunix.insteadlauncher,org.emunix
org.exarhteam.iitc_mobile_1691435831.apk,30,True,483,False,org.exarhteam.iitc_mobile,org.exarhteam.iitc_mobile
org.fastergps_14.apk,30,True,59,False,org.fastergps,org.fastergps
org.fdroid.fdroid.privileged_2130.apk,30,True,49,False,org.fdroid.fdroid.privileged,org.fdroid.fdroid.privileged
org.fdroid.nearby_2.apk,30,True,882,False,org.fdroid.nearby,org.fdroid.fdroid
org.fedorahosted.freeotp_43.apk,30,False,376,False,org.fedorahosted.freeotp,org.fedorahosted.freeotp
org.fitchfamily.android.dejavu_21.apk,30,True,150,False,org.fitchfamily.android.dejavu,org.fitchfamily.android
org.flyve.mdm.agent.mqtt_3238.apk,31,True,1171,False,org.flyve.mdm.agent.mqtt,org.flyve.mdm
org.fox.tttrss_535.apk,31,True,1203,False,org.fox.tttrss,org.fox.ttrss
org.gdroid.gdroid_10004.apk,31,True,810,False,org.gdroid.gdroid,org.gdroid.gdroid
org.geometerplus.zlibrary.ui.android_2050920.apk,31,True,2258,False,org.geometerplus.zlibrary.ui.android,org.geometerplus.android
org.gmote.client.android_5.apk,31,True,319,False,org.gmote.client.android,org.gmote.client.android
org.hzontal.tellaFOSS_149.apk,31,False,7528,False,org.hzontal.tellaFOSS,rs.readahead.washington
org.jamienicol.episodes_12.apk,31,True,316,False,org.jamienicol.episodes,org.jamienicol.episodes
org.kde.necessitas.ministro_14.apk,31,True,220,False,org.kde.necessitas.ministro,org.kde.necessitas.ministro
org.kontalk_500.apk,31,True,1798,False,org.kontalk,org.kontalk.ui
org.libre.agosto.p2play_7.apk,31,True,464,False,org.libre.agosto.p2play,org.libre.agosto.p2play
org.ligi.ipfsdroid_10.apk,31,True,146,False,org.ligi.ipfsdroid,org.ligi.ipfsdroid
org.ligi.passandroid_373.apk,31,True,881,False,org.ligi.passandroid,org.ligi.passandroid
org.lumicall.android_192.apk,31,False,434,False,org.lumicall.android,org.lumicall.android
org.macno.puma_18.apk,31,True,402,False,org.macno.puma,org.macno.puma
org.mariotaku.twidere_517.apk,31,False,14071,False,org.mariotaku.twidere,org.mariotaku.twidere
org.mian.gitnex_511.apk,32,False,5068,False,org.mian.gitnex,org.mian.gitnex
org.moire.ultrasonic_129.apk,32,True,5630,False,org.moire.ultrasonic,org.moire.ultrasonic
org.mosad.seil0.projectlaogai_6000.apk,32,True,493,False,org.mosad.seil0.projectlaogai,org.mosad.seil0.projectlaogai
org.mupen64plusae.v3.alpha_246.apk,32,True,1949,False,org.mupen64plusae.v3.alpha,paulscode.android.mupen64plusae
org.nick.wwwjdic_2370.apk,32,True,1495,False,org.nick.wwwjdic,org.nick.wwwjdic
org.notabug.lifeuser.moviedb_211.apk,32,True,378,False,org.notabug.lifeuser.moviedb,org.notabug.lifeuser.moviedb
org.ntpsync_12.apk,32,True,30,False,org.ntpsync,org.ntpsync.service
org.ocsinventoryng.android.agent_24.apk,32,True,193,False,org.ocsinventoryng.android.agent,org.ocsinventoryng.android.agent
org.opengappsdownloader_12.apk,32,True,128,False,org.opengappsdownloader,org.opengappsdownloader
org.opengpx_192.apk,32,True,819,False,org.opengpx,org.opengpx
org.openhab.habdroid_493.apk,32,False,3039,False,org.openhab.habdroid,org.openhab.habdroid
org.openintents.safe_30.apk,32,True,692,False,org.openintents.safe,org.openintents
org.openpetfoodfacts.scanner_582.apk,32,False,3987,False,org.openpetfoodfacts.scanner,openfoodfacts.github.scrachx
org.osmdroid_52.apk,32,False,4289,False,org.osmdroid,org.osmdroid
org.passwordmaker.android_11.apk,32,True,273,False,org.passwordmaker.android,org.passwordmaker.android
org.phramusca.jamuz_15.apk,33,False,1029,False,org.phramusca.jamuz,phramusca.com.jamuzremote
org.pipoypipagames.cowsrevenge_9.apk,33,True,0,True,org.pipoypipagames.cowsrevenge,org.pipoypipagames.cowsrevenge
org.pipoypipagames.towerjumper_13.apk,33,True,0,True,org.pipoypipagames.towerjumper,org.pipoypipagames.towerjumper
org.piwigo.android_102.apk,33,True,805,False,org.piwigo.android,org.piwigo
org.pixmob.freemobile.netstat_63.apk,33,True,182,False,org.pixmob.freemobile.netstat,org.pixmob.freemobile.netstat
org.poopeeland.tinytinyfeed_24.apk,33,True,113,False,org.poopeeland.tinytinyfeed,org.poopeeland.tinytinyfeed
org.poul.bits.android_4.apk,33,True,295,False,org.poul.bits.android,org.poul.bits
org.primftpd_62.apk,33,False,1317,False,org.primftpd,org.primftpd
org.projectmaxs.transport.xmpp_2000504877.apk,33,True,312,False,org.projectmaxs.transport.xmpp,org.projectmaxs.transport
org.pulpdust.lesserpad_42.apk,33,True,129,False,org.pulpdust.lesserpad,org.pulpdust.lesserpad
org.purple.smoke_20230510.apk,33,False,1092,False,org.purple.smoke,org.purple.smoke
org.purple.smokestack_20220420.apk,33,True,432,False,org.purple.smokestack,org.purple.smokestack
org.pyload.android.client_21.apk,33,True,155,False,org.pyload.android.client,org.pyload.android.client
org.quantumbadger.redreader_108.apk,33,False,2631,False,org.quantumbadger.redreader,org.quantumbadger.redreader
org.runnerup.free_21000331.apk,33,False,2696,False,org.runnerup.free,org.runnerup
org.saiditnet.redreader_87.apk,34,True,2906,False,org.saiditnet.redreader,org.saiditnet.redreader
org.savapage.android.print_1.apk,34,True,71,False,org.savapage.android.print,org.savapage.android.print
org.schabi.jedentageinset_30.apk,34,True,69,False,org.schabi.jedentageinset,org.schabi.jedentageinset
org.schabi.newpipe_994_cb84069.apk,34,False,10613,False,org.schabi.newpipe,org.schabi.newpipe
org.schabi.newpipelegacy_120.apk,34,False,5309,False,org.schabi.newpipelegacy,org.schabi.newpipelegacy
org.secuso.privacyfriendlybackup_4.apk,34,False,1534,False,org.secuso.privacyfriendlybackup,org.secuso.privacyfriendlybackup
org.secuso.privacyfriendlydicer_8.apk,34,True,82,False,org.secuso.privacyfriendlydicer,org.secuso.privacyfriendlydicer
org.secuso.privacyfriendlyfinancemanager_6.apk,34,False,1065,False,org.secuso.privacyfriendlyfinancemanager,org.secuso.privacyfriendlyfinance
org.secuso.privacyfriendlyfoodtracker_5.apk,34,False,434,False,org.secuso.privacyfriendlyfoodtracker,org.secuso.privacyfriendlyfoodtracker
org.secuso.privacyfriendlyludo_5.apk,34,True,269,False,org.secuso.privacyfriendlyludo,org.secuso.privacyfriendlyludo
org.secuso.privacyfriendlypasswordgenerator_7.apk,34,True,350,False,org.secuso.privacyfriendlypasswordgenerator,org.secuso.privacyfriendlypasswordgenerator
org.secuso.privacyfriendlysketching_2.apk,34,False,268,False,org.secuso.privacyfriendlysketching,org.secuso.privacyfriendlysketching
org.secuso.privacyfriendlyyahtzeedicer_5.apk,34,True,30,False,org.secuso.privacyfriendlyyahtzeedicer,org.secuso.privacyfriendlydicegame
org.servalproject_2371.apk,34,True,1481,False,org.servalproject,org.servalproject
org.sickstache_43.apk,34,True,487,False,org.sickstache,org.sickstache
org.smc.inputmethod.indic_103.apk,35,True,731,False,org.smc.inputmethod.indic,org.smc.inputmethod.indic
org.smssecure.smssecure_145.apk,35,False,4316,False,org.smssecure.smssecure,org.smssecure.smssecure
org.snikket.android_4205004.apk,35,True,7075,False,org.snikket.android,eu.siacs.conversations
org.sorz.lab.tinykeepass_14.apk,35,False,385,False,org.sorz.lab.tinykeepass,org.sorz.lab.tinykeepass
org.stingle.photos_54.apk,35,False,2654,False,org.stingle.photos,org.stingle.photos
org.strongswan.android_80.apk,35,False,838,False,org.strongswan.android,org.strongswan.android
org.studip.unofficial_app_16.apk,35,True,1842,False,org.studip.unofficial_app,org.studip.unofficial_app
org.sufficientlysecure.keychain_58902.apk,35,False,6298,False,org.sufficientlysecure.keychain,org.sufficientlysecure.keychain
org.sufficientlysecure.termbot_10905217.apk,35,True,0,True,org.sufficientlysecure.termbot,org.sufficientlysecure.termbot
org.sufficientlysecure.viewer_2827.apk,35,True,867,False,org.sufficientlysecure.viewer,org.ebookdroid.ui
org.sugr.gearshift_88.apk,35,True,1101,False,org.sugr.gearshift,org.sugr.gearshift
org.thialfihar.android.apg_11199.apk,35,True,1141,False,org.thialfihar.android.apg,org.thialfihar.android.apg
org.tigase.messenger.phone.pro_90.apk,35,True,1588,False,org.tigase.messenger.phone.pro,org.tigase.messenger.phone.pro
org.traffxml.roadeagle_10006.apk,35,True,123,False,org.traffxml.roadeagle,org.traffxml.roadeagle
org.tvheadend.tvhguide_21.apk,35,True,326,False,org.tvheadend.tvhguide,org.tvheadend.tvhguide
org.twistedappdeveloper.statocovid19italia_36.apk,36,True,54,False,org.twistedappdeveloper.statocovid19italia,org.twistedappdeveloper.statocovid19italia
org.videolan.vlc_13050408.apk,36,False,17920,False,org.videolan.vlc,org.videolan
org.walleth_514.apk,36,False,69,False,org.walleth,org.walleth.qr
org.wikimedia.commons.wikimedia_1.apk,36,True,527,False,org.wikimedia.commons.wikimedia,org.wikimedia.commons
org.witness.sscphase1_5021.apk,36,True,457,False,org.witness.sscphase1,org.witness.obscuracam
org.yaxim.androidclient_53.apk,36,True,921,False,org.yaxim.androidclient,org.yaxim.androidclient
pcmagas.vodafone_fu_h300s_20220427.apk,36,False,21,False,pcmagas.vodafone_fu_h300s,pc_magas.vodafone_fu_h300s.screens
peanutencryption.peanutencryption_4.apk,36,True,92,False,peanutencryption.peanutencryption,peanutencryption.peanutencryption
pl.net.szafraniec.NFCKey_24.apk,36,True,105,False,pl.net.szafraniec.NFCKey,pl.net.szafraniec
pt.ipleiria.mymusicqoe_12.apk,36,False,1598,False,pt.ipleiria.mymusicqoe,pt.ipleiria.mymusicqoe
pw.thedrhax.mosmetro_77.apk,36,True,461,False,pw.thedrhax.mosmetro,pw.thedrhax.mosmetro
re.jcg.playmusicexporter_110.apk,36,True,253,False,re.jcg.playmusicexporter,re.jcg.playmusicexporter
ru.playsoftware.j2meloader_98.apk,36,True,119,False,ru.playsoftware.j2meloader,ru.playsoftware.j2meloader
ru.valle.btc_260.apk,36,True,297,False,ru.valle.btc,ru.valle.btc
ru.yanus171.feedexfork_300.apk,36,True,2066,False,ru.yanus171.feedexfork,ru.yanus171.feedexfork
science.itaintrocket.pomfshare_3.apk,37,True,58,False,science.itaintrocket.pomfshare,science.itaintrocket.pomfshare
se.lublin.mumla_100.apk,37,True,5627,False,se.lublin.mumla,se.lublin
sk.vx.connectbot_30.apk,37,True,885,False,sk.vx.connectbot,sk.vx.connectbot
su.sadrobot.yashlang_20.apk,37,False,2425,False,su.sadrobot.yashlang,su.sadrobot.yashlang
sun.bob.leela_2.apk,37,True,0,True,sun.bob.leela,sun.bob.leela
t20kdc.offlinepuzzlesolver_4.apk,37,True,89,False,t20kdc.offlinepuzzlesolver,t20kdc.offlinepuzzlesolver
timur.webcall.callee_116.apk,37,True,386,False,timur.webcall.callee,timur.webcall.callee
tk.giesecke.painlessmesh_14.apk,37,True,163,False,tk.giesecke.painlessmesh,tk.giesecke.painlessmesh
tk.jordynsmediagroup.simpleirc.fdroid_18.apk,37,True,744,False,tk.jordynsmediagroup.simpleirc.fdroid,tk.jordynsmediagroup.simpleirc
top.donmor.tiddloid_47.apk,37,False,491,False,top.donmor.tiddloid,top.donmor.tiddloid
tranquvis.simplesmsremote_140.apk,37,True,502,False,tranquvis.simplesmsremote,tranquvis.simplesmsremote
tube.chikichiki.sako_25.apk,37,False,1305,False,tube.chikichiki.sako,tube.chikichiki.sako
uk.ac.swansea.eduroamcat_59.apk,37,True,277,False,uk.ac.swansea.eduroamcat,uk.ac.swansea.eduroamcat
uk.co.bitethebullet.android.token_6.apk,37,True,293,False,uk.co.bitethebullet.android.token,uk.co.bitethebullet.android.token
uk.org.boddie.android.weatherforecast_166.apk,37,True,79,False,uk.org.boddie.android.weatherforecast,uk.org.boddie.android.weatherforecast
wtf.nbd.obw_12.apk,36,True,5341,False,wtf.nbd.obw,wtf.nbd.obw
xyz.hisname.fireflyiii_112.apk,37,False,5682,False,xyz.hisname.fireflyiii,xyz.hisname.fireflyiii
